{
  "type": "minecraft:entity",
  "pools": [
    {
      "bonus_rolls": 0.0,
      "entries": [
        {
          "type": "minecraft:item",
          "functions": [
            {
              "add": false,
              "count": {
                "type": "minecraft:uniform",
                "max": 1,
                "min": 0
              },
              "function": "minecraft:set_count"
            }
          ],
          "name": "gtocore:glacio_spirit"
        }
      ],
      "rolls": 0.02
    }
  ],
  "random_sequence": "ad_astra:entities/glacian_ram"
}